path,label
2025-06-27/sub368/idapt805_sub368_DF_8_11-52-10.MP4,0
2025-05-13/sub352/idapt803_sub352_DF_11_GP1_12-23-35.mp4,0
2025-06-27/sub353/idapt804_sub353_DF_13_11-15-47.MP4,0
2025-02-26/sub356/idapt798_sub356_DF_14_GP0_13-20-43.mp4,0
2025-02-06/sub354/idapt798_sub354_DF_14_11-17-50.mp4,0
2025-02-19/sub344/idapt799_sub344_DF_14_13-15-36.MP4,0
2025-02-12/sub349/idapt797_sub349_DF_13_12-35-31.MP4,0
2025-02-12/sub360/idapt800_sub360_DF_11_15-25-50.MP4,0
2025-02-21/sub295/idapt796_sub295_DF_11_GP0_15-13-56.mp4,0
2025-02-19/sub344/idapt799_sub344_DF_14_13-12-56.MP4,0
2025-04-25/sub343/idapt801_sub343_DF_13_GP1_13-47-23.mp4,0
2025-06-27/sub368/idapt805_sub368_DF_9_11-51-06.MP4,0
2025-02-26/sub356/idapt800_sub356_DF_15_GP0_13-34-05.mp4,0
2025-06-27/sub373/idapt817_sub373_DF_11_13-22-55.MP4,0
2025-06-27/sub373/idapt817_sub373_DF_11_13-20-49.MP4,0
2025-05-07/sub364/idapt803_sub364_DF_12_GP1_12-30-33.MP4,0
2025-02-19/sub349/idapt797_sub349_DF_15_12-14-00.MP4,0
2025-05-07/sub364/idapt802_sub364_DF_13_GP1_12-09-38.MP4,0
2025-02-12/sub360/idapt800_sub360_DF_9_15-24-15.MP4,0
2025-02-07/sub353/idapt796_sub353_DF_13_13-38-49.mp4,0
2025-02-21/sub295/idapt797_sub295_DF_8_GP0_15-00-35.mp4,0
2025-02-21/sub295/idapt799_sub295_DF_10_GP0_15-34-20.mp4,0
2025-04-25/sub346/idapt803_sub346_DF_13_GP1_14-18-20.mp4,0
2025-02-12/sub344/idapt799_sub344_DF_9_13-13-31.MP4,0
2025-02-12/sub344/idapt796_sub344_DF_12_13-28-41.MP4,0
2025-02-19/sub349/idapt797_sub349_DF_13_12-17-17.MP4,0
2025-05-07/sub364/idapt803_sub364_DF_12_GP1_12-37-11.MP4,0
2025-05-08/sub367/idapt803_sub367_DF_12_GP1_11-48-14.MP4,0
2025-02-12/sub349/idapt799_sub349_DF_11_11-55-24.MP4,0
2025-02-12/sub344/idapt796_sub344_DF_13_13-25-40.MP4,0
2025-02-12/sub360/idapt800_sub360_DF_8_15-21-21.MP4,0
2025-05-07/sub364/idapt802_sub364_DF_12_GP1_12-12-14.MP4,0
2025-05-12/sub367/idapt803_sub367_DF_13_GP1_12-58-30.mp4,0
2025-02-26/sub356/idapt798_sub356_DF_15_GP0_13-17-47.mp4,0
2025-02-19/sub344/idapt797_sub344_DF_13_12-40-46.MP4,0
2025-02-19/sub344/idapt797_sub344_DF_14_12-42-40.MP4,0
2025-02-07/sub356/idapt800_sub356_DF_13_15-26-45.mp4,0
2025-02-07/sub356/idapt798_sub356_DF_12_15-11-17.mp4,0
2025-02-21/sub295/idapt797_sub295_DF_11_GP0_14-58-21.mp4,0
2025-05-07/sub364/idapt803_sub364_DF_13_GP1_12-29-31.MP4,0
2025-02-11/sub295/idapt799_sub295_DF_14_13-43-08.MP4,0
2025-02-07/sub353/idapt796_sub353_DF_13_13-43-50.mp4,0
2025-02-07/sub356/idapt800_sub356_DF_12_15-27-54.mp4,0
2025-02-12/sub349/idapt797_sub349_DF_13_12-33-45.MP4,0
2025-05-13/sub352/idapt802_sub352_DF_15_GP1_12-05-38.mp4,0
2025-06-27/sub373/idapt817_sub373_DF_9_13-24-48.MP4,0
2025-02-07/sub356/idapt800_sub356_DF_12_15-34-59.mp4,0
2025-02-13/sub357/idapt800_sub357_DF_12_12-54-10.MP4,0
2025-02-11/sub295/idapt797_sub295_DF_12_13-15-05.MP4,0
2025-04-25/sub346/idapt802_sub346_DF_14_GP1_14-37-24.mp4,0
2025-05-08/sub367/idapt803_sub367_DF_13_GP1_11-40-46.MP4,0
2025-02-19/sub344/idapt797_sub344_DF_12_12-44-37.MP4,0
2025-02-21/sub295/idapt796_sub295_DF_9_GP0_15-15-19.mp4,0
2025-05-08/sub353/idapt801_sub353_DF_14_GP1_12-46-38.MP4,0
2025-02-21/sub295/idapt799_sub295_DF_13_GP0_15-32-01.mp4,0
2025-04-25/sub346/idapt802_sub346_DF_12_GP1_14-43-54.mp4,0
2025-02-07/sub353/idapt796_sub353_DF_14_13-42-53.mp4,0
2025-05-06/sub364/idapt803_sub364_DF_14_GP1_12-28-32.mp4,0
2025-06-27/sub353/idapt805_sub353_DF_14_10-57-02.MP4,0
2025-05-07/sub364/idapt803_sub364_DF_11_GP1_12-31-45.MP4,0
2025-06-27/sub373/idapt816_sub373_DF_13_13-50-53.MP4,0
2025-05-07/sub344/idapt801_sub344_DF_13_GP1_12-55-24.MP4,0
2025-02-21/sub295/idapt799_sub295_DF_12_GP0_15-32-43.mp4,0
2025-05-08/sub367/idapt803_sub367_DF_12_GP1_11-41-34.MP4,0
2025-02-06/sub354/idapt798_sub354_DF_14_11-18-26.mp4,0
2025-02-13/sub354/idapt800_sub354_DF_12_14-44-15.MP4,0
2025-02-13/sub354/idapt798_sub354_DF_12_14-28-46.MP4,0
2025-06-27/sub373/idapt816_sub373_DF_11_13-53-16.MP4,0
2025-02-19/sub349/idapt799_sub349_DF_14_11-45-28.MP4,0
2025-02-13/sub354/idapt800_sub354_DF_12_14-44-51.MP4,0
2025-05-13/sub352/idapt803_sub352_DF_8_GP1_12-25-58.mp4,0
2025-06-27/sub368/idapt805_sub368_DF_8_11-48-18.MP4,0
2025-02-07/sub356/idapt800_sub356_DF_13_15-33-21.mp4,0
2025-04-25/sub346/idapt802_sub346_DF_13_GP1_14-45-00.mp4,0
2025-02-12/sub349/idapt799_sub349_DF_13_11-53-43.MP4,0
2025-02-19/sub344/idapt796_sub344_DF_5_12-55-39.MP4,0
2025-02-06/sub354/idapt798_sub354_DF_14_11-16-00.mp4,0
2025-02-11/sub295/idapt797_sub295_DF_13_13-17-21.MP4,0
2025-02-12/sub360/idapt800_sub360_DF_12_15-17-37.MP4,0
2025-02-13/sub357/idapt800_sub357_DF_12_13-00-22.MP4,0
2025-02-13/sub357/idapt798_sub357_DF_13_13-15-32.MP4,0
2025-04-25/sub346/idapt803_sub346_DF_12_GP1_14-09-14.mp4,0
2025-02-12/sub349/idapt799_sub349_DF_12_11-54-42.MP4,0
2025-02-12/sub360/idapt800_sub360_DF_11_15-18-49.MP4,0
2025-02-12/sub349/idapt797_sub349_DF_14_12-32-54.MP4,0
2025-04-25/sub346/idapt803_sub346_DF_11_GP1_14-10-10.mp4,0
2025-02-13/sub357/idapt798_sub357_DF_14_13-22-08.MP4,0
2025-02-11/sub295/idapt796_sub295_DF_15_13-29-28.MP4,0
2025-05-08/sub367/idapt803_sub367_DF_9_GP1_11-44-05.MP4,0
2025-02-13/sub354/idapt800_sub354_DF_13_14-40-13.MP4,0
2025-02-07/sub353/idapt797_sub353_DF_12_13-29-08.mp4,0
2025-06-27/sub373/idapt816_sub373_DF_12_13-51-53.MP4,0
2025-05-08/sub353/idapt801_sub353_DF_13_GP1_12-47-19.MP4,0
2025-03-07/sub295/idapt796_sub295_DF_13_GP0_15-11-59.mp4,0
2025-02-06/sub354/idapt7800_sub354_DF_15_11-31-42.mp4,0
2025-04-25/sub346/idapt803_sub346_DF_12_GP1_14-19-24.mp4,0
2025-02-13/sub357/idapt800_sub357_DF_13_12-59-21.MP4,0
2025-02-19/sub349/idapt799_sub349_DF_15_11-44-34.MP4,0
2025-02-12/sub360/idapt798_sub360_DF_11_15-01-57.MP4,0
2025-04-25/sub346/idapt803_sub346_DF_10_GP1_14-11-22.mp4,0
2025-02-13/sub357/idapt798_sub357_DF_11_13-17-44.MP4,0
2025-06-27/sub353/idapt805_sub353_DF_13_10-59-29.MP4,0
2025-02-12/sub344/idapt796_sub344_DF_13_13-27-58.MP4,0
2025-02-26/sub356/idapt798_sub356_DF_14_GP0_13-21-33.mp4,0
2025-04-25/sub343/idapt801_sub343_DF_13_GP1_13-49-00.mp4,0
2025-05-12/sub367/idapt802_sub367_DF_15_GP1_12-43-15.mp4,0
2025-06-27/sub368/idapt805_sub368_DF_7_11-46-30.MP4,0
2025-02-07/sub353/idapt797_sub353_DF_13_13-24-47.mp4,0
2025-06-27/sub373/idapt816_sub373_DF_11_13-56-41.MP4,0
2025-02-21/sub295/idapt799_sub295_DF_12_GP0_15-37-49.mp4,0
2025-04-23/sub346/idapt803_sub346_DF_13_GP1_16-09-57.MP4,0
2025-02-13/sub357/idapt800_sub357_DF_14_12-58-04.MP4,0
2025-04-25/sub346/idapt802_sub346_DF_12_GP1_14-39-38.mp4,0
2025-02-06/sub354/idapt798_sub354_DF_15_11-14-58.mp4,0
2025-02-13/sub357/idapt798_sub357_DF_14_13-14-18.MP4,0
2025-02-12/sub349/idapt799_sub349_DF_15_11-51-24.MP4,0
2025-02-12/sub349/idapt796_sub349_DF_14_12-17-01.MP4,0
2025-05-13/sub352/idapt803_sub352_DF_10_GP1_12-24-22.mp4,0
2025-06-27/sub373/idapt816_sub373_DF_11_13-54-53.MP4,0
2025-04-23/sub352/idapt803_sub352_DF_13_GP1_13-00-56.MP4,0
2025-04-25/sub346/idapt802_sub346_DF_11_GP1_14-41-14.mp4,0
2025-05-06/sub364/idapt803_sub364_DF_13_GP1_12-26-14.mp4,0
2025-05-07/sub364/idapt802_sub364_DF_11_GP1_12-17-27.MP4,0
2025-04-25/sub346/idapt802_sub346_DF_15_GP1_14-36-14.mp4,0
2025-02-26/sub356/idapt800_sub356_DF_15_GP0_13-36-37.mp4,0
2025-02-13/sub354/idapt800_sub354_DF_12_14-41-01.MP4,0
2025-02-21/sub295/idapt797_sub295_DF_13_GP0_14-54-53.mp4,0
2025-05-13/sub352/idapt802_sub352_DF_13_GP1_12-07-14.mp4,0
2025-02-21/sub295/idapt797_sub295_DF_12_GP0_14-55-35.mp4,0
2025-05-13/sub352/idapt802_sub352_DF_11_GP1_12-12-20.mp4,0
2025-02-21/sub295/idapt796_sub295_DF_8_GP0_15-16-02.mp4,0
2025-02-13/sub357/idapt798_sub357_DF_12_13-16-23.MP4,0
2025-02-21/sub295/idapt797_sub295_DF_9_GP0_15-03-10.mp4,0
2025-02-12/sub344/idapt799_sub344_DF_11_13-12-19.MP4,0
2025-02-19/sub349/idapt797_sub349_DF_13_12-15-35.MP4,0
2025-02-13/sub357/idapt800_sub357_DF_13_12-53-14.MP4,0
2025-02-07/sub353/idapt799_sub353_DF_14_13-13-18.mp4,0
2025-05-08/sub367/idapt802_sub367_DF_12_GP1_11-58-51.MP4,0
2025-02-13/sub357/idapt798_sub357_DF_15_13-13-16.MP4,0
2025-02-21/sub295/idapt796_sub295_DF_10_GP0_15-21-55.mp4,0
2025-02-13/sub354/idapt798_sub354_DF_12_14-22-13.MP4,0
2025-04-25/sub346/idapt802_sub346_DF_13_GP1_14-38-30.mp4,0
2025-02-07/sub356/idapt798_sub356_DF_12_15-14-46.mp4,0
2025-02-19/sub344/idapt796_sub344_DF_5_12-55-15.MP4,0
2025-05-12/sub367/idapt803_sub367_DF_13_GP1_13-00-04.mp4,0
2025-02-12/sub360/idapt800_sub360_DF_10_15-26-39.MP4,0
2025-06-27/sub353/idapt804_sub353_DF_13_11-13-54.MP4,0
2025-02-19/sub344/idapt799_sub344_DF_13_13-13-51.MP4,0
2025-02-12/sub360/idapt800_sub360_DF_9_15-20-34.MP4,0
2025-05-08/sub367/idapt803_sub367_DF_10_GP1_11-43-17.MP4,0
2025-05-07/sub364/idapt802_sub364_DF_13_GP1_12-11-13.MP4,0
2025-02-21/sub295/idapt799_sub295_DF_11_GP0_15-33-34.mp4,0
2025-06-27/sub368/idapt804_sub368_DF_12_12-10-55.MP4,0
2025-02-21/sub295/idapt797_sub295_DF_11_GP0_14-56-21.mp4,0
2025-02-13/sub354/idapt798_sub354_DF_12_14-28-00.MP4,0
2025-04-25/sub346/idapt803_sub346_DF_14_GP1_14-17-02.mp4,0
2025-02-07/sub353/idapt796_sub353_DF_14_13-46-03.mp4,0
2025-02-21/sub295/idapt797_sub295_DF_10_GP0_14-59-10.mp4,0
2025-05-07/sub364/idapt802_sub364_DF_11_GP1_12-13-05.MP4,0
2025-04-25/sub346/idapt803_sub346_DF_13_GP1_14-08-14.mp4,0
2025-02-12/sub360/idapt798_sub360_DF_9_15-04-29.MP4,0
2025-04-23/sub346/idapt803_sub346_DP_7_GP1_16-03-53.MP4,1
2025-03-07/sub295/idapt796_sub295_DP_11_GP0_15-11-02.mp4,1
2025-06-27/sub353/idapt804_sub353_DP_0_11-09-15.MP4,1
2025-04-23/sub352/idapt802_sub352_DP_0_GP1_12-40-32.MP4,1
2025-02-07/sub353/idapt799_sub353_DP_12_13-11-38.mp4,1
2025-02-13/sub354/idapt800_sub354_DP_7_14-36-54.MP4,1
2025-04-23/sub346/idapt803_sub346_DP_9_GP1_16-04-49.MP4,1
2025-04-23/sub346/idapt803_sub346_DP_14_GP1_16-15-39.MP4,1
2025-05-12/sub367/idapt802_sub367_DP_15_GP1_12-42-27.mp4,1
2025-05-08/sub367/idapt802_sub367_DP_3_GP1_11-53-53.MP4,1
2025-02-12/sub344/idapt797_sub344_DP_11_13-42-25.MP4,1
2025-02-19/sub344/idapt796_sub344_DP_0_12-53-26.MP4,1
2025-02-12/sub344/idapt796_sub344_DP_0_13-21-32.MP4,1
2025-03-07/sub295/idapt796_sub295_DP_13_GP0_15-13-44.mp4,1
2025-02-12/sub344/idapt797_sub344_DP_5_13-40-25.MP4,1
2025-05-07/sub364/idapt803_sub364_DP_9_GP1_12-27-22.MP4,1
2025-05-07/sub364/idapt802_sub364_DP_0_GP1_12-03-58.MP4,1
2025-02-19/sub349/idapt796_sub349_DP_7_11-56-12.MP4,1
2025-04-23/sub346/idapt802_sub346_DP_15_GP1_15-51-43.MP4,1
2025-06-27/sub368/idapt804_sub368_DP_11_12-08-36.MP4,1
2025-05-06/sub364/idapt802_sub364_DP_3_GP1_12-09-47.mp4,1
2025-05-07/sub364/idapt802_sub364_DP_7_GP1_12-06-40.MP4,1
2025-05-08/sub367/idapt803_sub367_DP_11_GP1_11-39-33.MP4,1
2025-05-13/sub352/idapt803_sub352_DP_9_GP1_12-28-19.mp4,1
2025-05-07/sub344/idapt801_sub344_DP_11_GP1_12-52-55.MP4,1
2025-02-07/sub356/idapt798_sub356_DP_9_15-07-56.mp4,1
2025-02-13/sub357/idapt800_sub357_DP_3_12-48-20.MP4,1
2025-02-06/sub354/idapt7800_sub354_DP_7_11-27-23.mp4,1
2025-06-27/sub353/idapt805_sub353_DP_11_10-54-02.MP4,1
2025-02-21/sub295/idapt797_sub295_DP_5_GP0_14-51-21.mp4,1
2025-04-28/sub344/idapt801_sub344_DP_5_GP1_14-37-20.mp4,1
2025-02-19/sub349/idapt797_sub349_DP_9_12-11-02.MP4,1
2025-02-19/sub349/idapt796_sub349_DP_15_12-01-10.MP4,1
2025-04-23/sub352/idapt802_sub352_DP_15_GP1_12-46-55.MP4,1
2025-02-06/sub354/idapt798_sub354_DP_0_11-07-25.mp4,1
2025-02-21/sub295/idapt796_sub295_DP_7_GP0_15-11-56.mp4,1
2025-02-12/sub344/idapt799_sub344_DP_7_13-10-45.MP4,1
2025-05-08/sub353/idapt801_sub353_DP_11_GP1_12-48-53.MP4,1
2025-02-07/sub356/idapt800_sub356_DP_11_15-31-02.mp4,1
2025-02-07/sub353/idapt797_sub353_DP_11_13-26-41.mp4,1
2025-05-12/sub367/idapt802_sub367_DP_9_GP1_12-39-31.mp4,1
2025-05-07/sub344/idapt801_sub344_DP_5_GP1_12-47-40.MP4,1
2025-05-08/sub367/idapt802_sub367_DP_5_GP1_11-54-41.MP4,1
2025-02-13/sub357/idapt800_sub357_DP_9_12-51-00.MP4,1
2025-02-19/sub349/idapt799_sub349_DP_0_11-38-10.MP4,1
2025-06-27/sub373/idapt816_sub373_DP_11_13-47-53.MP4,1
2025-05-07/sub344/idapt801_sub344_DP_3_GP1_12-46-54.MP4,1
2025-05-13/sub352/idapt802_sub352_DP_11_GP1_12-03-36.mp4,1
2025-02-12/sub344/idapt799_sub344_DP_5_13-10-05.MP4,1
2025-02-12/sub349/idapt797_sub349_DP_13_12-30-14.MP4,1
2025-02-13/sub357/idapt798_sub357_DP_13_13-12-06.MP4,1
2025-02-12/sub349/idapt796_sub349_DP_3_12-07-16.MP4,1
2025-04-23/sub352/idapt803_sub352_DP_9_GP1_12-57-51.MP4,1
2025-05-13/sub352/idapt803_sub352_DP_5_GP1_12-20-49.mp4,1
2025-04-25/sub343/idapt801_sub343_DP_0_GP1_13-41-43.mp4,1
2025-02-07/sub353/idapt799_sub353_DP_12_13-15-32.mp4,1
2025-02-07/sub353/idapt797_sub353_DP_12_13-27-43.mp4,1
2025-04-23/sub352/idapt803_sub352_DP_0_GP1_12-54-27.MP4,1
2025-06-27/sub368/idapt804_sub368_DP_0_12-01-07.MP4,1
2025-02-12/sub360/idapt800_sub360_DP_8_15-23-28.MP4,1
2025-02-19/sub349/idapt796_sub349_DP_13_11-58-53.MP4,1
2025-05-12/sub367/idapt803_sub367_DP_12_GP1_12-57-46.mp4,1
2025-02-19/sub344/idapt799_sub344_DP_11_13-10-30.MP4,1
2025-05-13/sub352/idapt803_sub352_DP_0_GP1_12-18-54.mp4,1
2025-05-07/sub344/idapt801_sub344_DP_12_GP1_12-54-18.MP4,1
2025-02-11/sub295/idapt799_sub295_DP_3_13-37-36.MP4,1
2025-02-12/sub349/idapt799_sub349_DP_7_11-47-04.MP4,1
2025-02-07/sub353/idapt797_sub353_DP_11_13-23-45.mp4,1
2025-04-23/sub352/idapt803_sub352_DP_12_GP1_13-01-39.MP4,1
2025-05-12/sub367/idapt802_sub367_DP_3_GP1_12-36-57.mp4,1
2025-02-12/sub344/idapt797_sub344_DP_12_13-43-53.MP4,1
2025-02-12/sub344/idapt796_sub344_DP_5_13-22-54.MP4,1
2025-04-23/sub352/idapt803_sub352_DP_11_GP1_12-58-39.MP4,1
2025-05-07/sub364/idapt803_sub364_DP_9_GP1_12-33-47.MP4,1
2025-05-12/sub367/idapt803_sub367_DP_0_GP1_12-51-08.mp4,1
2025-04-25/sub346/idapt803_sub346_DP_9_GP1_14-06-12.mp4,1
2025-02-19/sub344/idapt796_sub344_DP_7_12-56-23.MP4,1
2025-02-11/sub295/idapt797_sub295_DP_0_13-09-31.MP4,1
2025-02-11/sub295/idapt797_sub295_DP_7_13-11-55.MP4,1
2025-02-07/sub353/idapt797_sub353_DP_9_13-22-53.mp4,1
2025-05-06/sub364/idapt802_sub364_DP_15_GP1_12-15-21.mp4,1
2025-05-08/sub353/idapt801_sub353_DP_3_GP1_12-40-12.MP4,1
2025-04-28/sub343/idapt801_sub343_DP_13_GP1_14-58-45.mp4,1
2025-02-06/sub354/idapt7800_sub354_DP_0_11-24-15.mp4,1
2025-02-21/sub295/idapt796_sub295_DP_10_GP0_15-19-48.mp4,1
2025-06-27/sub373/idapt816_sub373_DP_10_13-54-04.MP4,1
2025-05-06/sub353/idapt801_sub353_DP_0_GP1_12-39-00.mp4,1
2025-05-12/sub367/idapt803_sub367_DP_7_GP1_12-53-53.mp4,1
2025-05-06/sub364/idapt803_sub364_DP_13_GP1_12-27-45.mp4,1
2025-05-12/sub367/idapt803_sub367_DP_9_GP1_12-54-45.mp4,1
2025-06-27/sub373/idapt817_sub373_DP_10_13-21-38.MP4,1
2025-04-25/sub346/idapt802_sub346_DP_13_GP1_14-35-11.mp4,1
2025-02-07/sub353/idapt799_sub353_DP_11_13-07-42.mp4,1
2025-02-11/sub295/idapt796_sub295_DP_0_13-23-24.MP4,1
2025-06-27/sub353/idapt805_sub353_DP_12_11-01-51.MP4,1
2025-02-19/sub344/idapt797_sub344_DP_7_12-38-27.MP4,1
2025-02-12/sub349/idapt796_sub349_DP_13_12-11-59.MP4,1
2025-02-12/sub360/idapt800_sub360_DP_11_15-15-38.MP4,1
2025-04-25/sub346/idapt803_sub346_DP_13_GP1_14-16-02.mp4,1
2025-05-06/sub364/idapt802_sub364_DP_5_GP1_12-10-36.mp4,1
2025-02-12/sub344/idapt797_sub344_DP_3_13-39-45.MP4,1
2025-06-27/sub368/idapt805_sub368_DP_8_11-49-46.MP4,1
2025-06-27/sub373/idapt816_sub373_DP_5_13-45-00.MP4,1
2025-04-28/sub344/idapt801_sub344_DP_15_GP1_14-41-50.mp4,1
2025-02-11/sub295/idapt796_sub295_DP_15_13-31-31.MP4,1
2025-02-19/sub344/idapt796_sub344_DP_11_12-57-50.MP4,1
2025-04-25/sub349/idapt801_sub349_DP_15_GP1_12-13-36.mp4,1
2025-02-26/sub356/idapt800_sub356_DP_13_GP0_13-33-03.mp4,1
2025-02-12/sub349/idapt796_sub349_DP_14_12-14-23.MP4,1
2025-04-23/sub352/idapt803_sub352_DP_7_GP1_12-57-04.MP4,1
2025-06-27/sub373/idapt817_sub373_DP_8_13-25-36.MP4,1
2025-05-08/sub367/idapt802_sub367_DP_9_GP1_11-56-22.MP4,1
2025-02-12/sub344/idapt796_sub344_DP_9_13-24-13.MP4,1
2025-02-12/sub349/idapt796_sub349_DP_0_12-06-19.MP4,1
2025-04-23/sub349/idapt801_sub349_DP_3_GP1_12-08-41.MP4,1
2025-02-07/sub353/idapt796_sub353_DP_7_13-36-10.mp4,1
2025-02-12/sub344/idapt796_sub344_DP_3_13-22-19.MP4,1
2025-02-21/sub295/idapt799_sub295_DP_10_GP0_15-36-10.mp4,1
2025-04-28/sub344/idapt801_sub344_DP_0_GP1_14-35-10.mp4,1
2025-06-27/sub368/idapt804_sub368_DP_7_12-03-34.MP4,1
2025-02-06/sub354/idapt798_sub354_DP_13_11-17-00.mp4,1
2025-05-13/sub352/idapt803_sub352_DP_7_GP1_12-26-43.mp4,1
2025-02-11/sub295/idapt796_sub295_DP_7_13-25-46.MP4,1
2025-02-21/sub295/idapt799_sub295_DP_9_GP0_15-35-15.mp4,1
2025-05-08/sub367/idapt803_sub367_DP_10_GP1_11-46-37.MP4,1
2025-02-12/sub360/idapt800_sub360_DP_7_15-13-50.MP4,1
2025-04-23/sub352/idapt803_sub352_DP_12_GP1_13-00-12.MP4,1
2025-05-06/sub364/idapt803_sub364_DP_5_GP1_12-22-49.mp4,1
2025-06-27/sub368/idapt805_sub368_DP_7_11-47-47.MP4,1
2025-02-19/sub349/idapt797_sub349_DP_12_12-16-29.MP4,1
2025-02-12/sub349/idapt799_sub349_DP_11_11-57-00.MP4,1
2025-05-07/sub364/idapt802_sub364_DP_12_GP1_12-10-26.MP4,1
2025-05-06/sub353/idapt801_sub353_DP_9_GP1_12-42-38.mp4,1
2025-02-19/sub344/idapt797_sub344_DP_12_12-46-03.MP4,1
2025-04-23/sub346/idapt802_sub346_DP_5_GP1_15-39-35.MP4,1
2025-04-23/sub346/idapt803_sub346_DP_13_GP1_16-11-51.MP4,1
2025-02-21/sub295/idapt796_sub295_DP_5_GP0_15-11-03.mp4,1
2025-02-19/sub349/idapt796_sub349_DP_15_12-00-16.MP4,1
2025-04-23/sub352/idapt802_sub352_DP_5_GP1_12-42-17.MP4,1
2025-05-13/sub352/idapt803_sub352_DP_7_GP1_12-21-43.mp4,1
2025-06-27/sub373/idapt817_sub373_DP_11_13-16-34.MP4,1
2025-02-12/sub349/idapt796_sub349_DP_13_12-15-27.MP4,1
2025-02-11/sub295/idapt797_sub295_DP_5_13-11-12.MP4,1
2025-02-12/sub360/idapt800_sub360_DP_7_15-22-41.MP4,1
2025-02-26/sub356/idapt798_sub356_DP_3_GP0_13-11-31.mp4,1
2025-02-11/sub295/idapt797_sub295_DP_9_13-12-39.MP4,1
2025-05-08/sub367/idapt803_sub367_DP_8_GP1_11-44-51.MP4,1
2025-02-07/sub356/idapt798_sub356_DP_3_15-05-18.mp4,1
2025-02-13/sub357/idapt798_sub357_DP_3_13-07-21.MP4,1
2025-02-12/sub344/idapt797_sub344_DP_7_13-41-06.MP4,1
2025-02-12/sub360/idapt798_sub360_DP_7_15-00-19.MP4,1
2025-02-06/sub354/idapt798_sub354_DP_5_11-09-35.mp4,1
2025-02-11/sub295/idapt799_sub295_DP_9_13-39-42.MP4,1
2025-02-06/sub354/idapt7800_sub354_DP_5_11-26-23.mp4,1
2025-02-06/sub354/idapt7800_sub354_DP_11_11-29-23.mp4,1
2025-02-13/sub357/idapt798_sub357_DP_9_13-10-02.MP4,1
2025-05-07/sub364/idapt803_sub364_DP_10_GP1_12-33-01.MP4,1
2025-04-23/sub349/idapt801_sub349_DP_7_GP1_12-10-20.MP4,1
2025-04-25/sub346/idapt803_sub346_DP_0_GP1_14-02-37.mp4,1
2025-02-13/sub357/idapt800_sub357_DP_12_12-56-12.MP4,1
2025-05-12/sub367/idapt802_sub367_DP_11_GP1_12-40-27.mp4,1
2025-02-26/sub356/idapt800_sub356_DP_3_GP0_13-28-12.mp4,1
2025-02-19/sub349/idapt799_sub349_DP_7_11-40-28.MP4,1
2025-02-12/sub349/idapt797_sub349_DP_0_12-24-42.MP4,1
2025-02-21/sub295/idapt796_sub295_DP_0_GP0_15-09-16.mp4,1
2025-04-23/sub346/idapt802_sub346_DP_3_GP1_15-38-42.MP4,1
2025-02-12/sub360/idapt798_sub360_DP_8_15-04-58.MP4,1
2025-02-12/sub349/idapt796_sub349_DP_5_12-08-05.MP4,1
2025-02-19/sub349/idapt799_sub349_DP_3_11-39-05.MP4,1
2025-06-27/sub353/idapt804_sub353_DP_7_11-11-22.MP4,1
2025-02-12/sub349/idapt799_sub349_DP_0_11-44-30.MP4,1
2025-02-13/sub354/idapt798_sub354_DP_11_14-20-21.MP4,1
2025-02-13/sub357/idapt800_sub357_DP_11_12-55-12.MP4,1
2025-06-27/sub368/idapt804_sub368_DP_10_12-07-49.MP4,1
2025-02-07/sub356/idapt800_sub356_DP_9_15-23-53.mp4,1
2025-02-19/sub349/idapt797_sub349_DP_11_12-11-59.MP4,1
2025-04-28/sub343/idapt801_sub343_DP_5_GP1_14-55-08.mp4,1
2025-04-25/sub349/idapt801_sub349_DP_11_GP1_12-07-43.mp4,1
2025-06-27/sub353/idapt804_sub353_DP_11_11-12-53.MP4,1
2025-03-07/sub295/idapt796_sub295_DP_5_GP0_15-08-15.mp4,1
2025-02-19/sub349/idapt796_sub349_DP_11_11-57-49.MP4,1
2025-04-25/sub346/idapt803_sub346_DP_9_GP1_14-12-16.mp4,1
2025-02-19/sub349/idapt799_sub349_DP_5_11-39-43.MP4,1
2025-05-06/sub364/idapt803_sub364_DP_11_GP1_12-25-18.mp4,1
2025-02-12/sub344/idapt796_sub344_DP_7_13-23-32.MP4,1
2025-02-13/sub354/idapt798_sub354_DP_5_14-17-18.MP4,1
2025-02-19/sub349/idapt797_sub349_DP_9_12-10-51.MP4,1
2025-02-07/sub353/idapt796_sub353_DP_12_13-41-15.mp4,1
2025-04-25/sub346/idapt802_sub346_DP_3_GP1_14-30-26.mp4,1
2025-05-06/sub353/idapt801_sub353_DP_15_GP1_12-45-54.mp4,1
2025-05-08/sub367/idapt803_sub367_DP_0_GP1_11-30-26.MP4,1
2025-04-23/sub352/idapt802_sub352_DP_9_GP1_12-43-57.MP4,1
2025-05-08/sub367/idapt802_sub367_DP_0_GP1_11-52-51.MP4,1
2025-02-07/sub353/idapt796_sub353_DP_11_13-37-55.mp4,1
2025-02-26/sub356/idapt800_sub356_DP_0_GP0_13-26-53.mp4,1
2025-02-13/sub354/idapt798_sub354_DP_7_14-18-16.MP4,1
2025-05-07/sub344/idapt801_sub344_DP_0_GP1_12-45-55.MP4,1
2025-02-12/sub360/idapt798_sub360_DP_5_14-59-30.MP4,1
2025-02-21/sub295/idapt796_sub295_DP_7_GP0_15-16-49.mp4,1
2025-04-23/sub346/idapt802_sub346_DP_9_GP1_15-41-25.MP4,1
2025-05-12/sub367/idapt802_sub367_DP_14_GP1_12-46-18.mp4,1
2025-04-28/sub343/idapt801_sub343_DP_7_GP1_14-55-58.mp4,1
2025-02-12/sub349/idapt797_sub349_DP_3_12-25-40.MP4,1
2025-04-25/sub346/idapt803_sub346_DP_3_GP1_14-03-38.mp4,1
2025-02-07/sub356/idapt800_sub356_DP_7_15-22-57.mp4,1
2025-06-27/sub373/idapt816_sub373_DP_3_13-44-06.MP4,1
2025-05-08/sub367/idapt803_sub367_DP_3_GP1_11-31-41.MP4,1
2025-04-28/sub344/idapt801_sub344_DP_9_GP1_14-39-04.mp4,1
2025-04-25/sub343/idapt801_sub343_DP_3_GP1_13-42-43.mp4,1
2025-06-27/sub353/idapt805_sub353_DP_5_10-51-49.MP4,1
2025-05-06/sub364/idapt802_sub364_DP_11_GP1_12-13-06.mp4,1
2025-05-07/sub364/idapt803_sub364_DP_10_GP1_12-34-38.MP4,1
2025-04-25/sub349/idapt801_sub349_DP_14_GP1_12-12-44.mp4,1
2025-02-07/sub356/idapt798_sub356_DP_0_15-04-12.mp4,1
2025-02-12/sub349/idapt799_sub349_DP_5_11-46-12.MP4,1
2025-04-28/sub344/idapt801_sub344_DP_3_GP1_14-36-32.mp4,1
2025-02-21/sub295/idapt799_sub295_DP_0_GP0_15-26-27.mp4,1
2025-06-27/sub373/idapt816_sub373_DP_7_13-45-50.MP4,1
2025-02-07/sub353/idapt799_sub353_DP_3_13-04-15.mp4,1
2025-02-19/sub344/idapt797_sub344_DP_3_12-37-04.MP4,1
2025-02-11/sub295/idapt796_sub295_DP_14_13-30-11.MP4,1
2025-02-26/sub356/idapt798_sub356_DP_13_GP0_13-19-43.mp4,1
2025-02-21/sub295/idapt797_sub295_DP_10_GP0_14-57-08.mp4,1
2025-04-23/sub346/idapt803_sub346_DP_12_GP1_16-10-47.MP4,1
2025-05-07/sub364/idapt803_sub364_DP_3_GP1_12-24-40.MP4,1
2025-02-12/sub349/idapt799_sub349_DP_12_11-57-55.MP4,1
2025-04-23/sub346/idapt803_sub346_DP_0_GP1_16-01-00.MP4,1
2025-02-12/sub360/idapt798_sub360_DP_0_14-57-53.MP4,1
2025-02-12/sub349/idapt797_sub349_DP_11_12-29-13.MP4,1
2025-02-07/sub356/idapt798_sub356_DP_11_15-08-54.mp4,1
2025-05-07/sub364/idapt802_sub364_DP_9_GP1_12-15-30.MP4,1
2025-02-13/sub357/idapt800_sub357_DP_7_12-50-05.MP4,1
2025-02-07/sub356/idapt800_sub356_DP_10_15-30-03.mp4,1
2025-06-27/sub373/idapt816_sub373_DP_10_13-55-40.MP4,1
2025-04-23/sub349/idapt801_sub349_DP_15_GP1_12-14-45.MP4,1
2025-06-27/sub368/idapt805_sub368_DP_3_11-44-40.MP4,1
2025-05-06/sub364/idapt803_sub364_DP_3_GP1_12-21-58.mp4,1
2025-04-25/sub346/idapt802_sub346_DP_10_GP1_14-42-10.mp4,1
2025-02-13/sub354/idapt800_sub354_DP_10_14-42-36.MP4,1
2025-03-07/sub295/idapt796_sub295_DP_3_GP0_15-07-26.mp4,1
2025-05-13/sub352/idapt802_sub352_DP_7_GP1_12-01-44.mp4,1
2025-04-28/sub343/idapt801_sub343_DP_9_GP1_14-56-51.mp4,1
2025-06-27/sub353/idapt805_sub353_DP_7_10-52-28.MP4,1
2025-02-13/sub354/idapt798_sub354_DP_9_14-19-18.MP4,1
2025-02-21/sub295/idapt796_sub295_DP_9_GP0_15-18-30.mp4,1
2025-02-13/sub357/idapt798_sub357_DP_11_13-10-59.MP4,1
2025-04-23/sub349/idapt801_sub349_DP_15_GP1_12-15-35.MP4,1
2025-02-12/sub360/idapt798_sub360_DP_9_15-01-05.MP4,1
2025-05-07/sub364/idapt802_sub364_DP_11_GP1_12-08-32.MP4,1
2025-02-13/sub357/idapt798_sub357_DP_13_13-21-13.MP4,1
2025-06-27/sub373/idapt816_sub373_DP_0_13-43-00.MP4,1
2025-02-12/sub349/idapt796_sub349_DP_9_12-09-55.MP4,1
2025-02-06/sub354/idapt7800_sub354_DP_13_11-30-29.mp4,1
2025-06-27/sub373/idapt817_sub373_DP_8_13-37-10.MP4,1
2025-02-07/sub356/idapt798_sub356_DP_10_15-13-03.mp4,1
2025-02-07/sub353/idapt799_sub353_DP_0_13-03-03.mp4,1
2025-02-12/sub360/idapt798_sub360_DP_9_15-05-43.MP4,1
2025-04-23/sub352/idapt802_sub352_DP_7_GP1_12-43-08.MP4,1
2025-04-23/sub349/idapt801_sub349_DP_11_GP1_12-12-12.MP4,1
2025-05-07/sub364/idapt802_sub364_DP_10_GP1_12-14-36.MP4,1
2025-04-23/sub346/idapt803_sub346_DP_3_GP1_16-02-05.MP4,1
2025-06-27/sub368/idapt804_sub368_DP_9_12-04-37.MP4,1
2025-04-25/sub349/idapt801_sub349_DP_0_GP1_12-02-23.mp4,1
2025-05-13/sub352/idapt803_sub352_DP_3_GP1_12-20-00.mp4,1
2025-02-19/sub349/idapt797_sub349_DP_12_12-18-12.MP4,1
2025-02-12/sub344/idapt799_sub344_DP_9_13-14-33.MP4,1
2025-05-13/sub352/idapt802_sub352_DP_9_GP1_12-02-40.mp4,1
2025-06-27/sub353/idapt804_sub353_DP_12_11-16-28.MP4,1
2025-04-25/sub349/idapt801_sub349_DP_7_GP1_12-05-36.mp4,1
2025-06-27/sub373/idapt817_sub373_DP_7_13-14-18.MP4,1
2025-02-06/sub354/idapt798_sub354_DP_7_11-10-35.mp4,1
2025-02-13/sub357/idapt798_sub357_DP_5_13-08-14.MP4,1
2025-02-19/sub344/idapt797_sub344_DP_9_12-39-10.MP4,1
2025-04-23/sub346/idapt803_sub346_DP_5_GP1_16-02-58.MP4,1
2025-02-26/sub356/idapt800_sub356_DP_14_GP0_13-35-31.mp4,1
2025-04-28/sub344/idapt801_sub344_DP_11_GP1_14-40-00.mp4,1
2025-04-25/sub346/idapt803_sub346_DP_5_GP1_14-04-31.mp4,1
2025-04-25/sub346/idapt803_sub346_DP_12_GP1_14-15-06.mp4,1
2025-02-12/sub344/idapt797_sub344_DP_11_13-44-29.MP4,1
2025-04-28/sub344/idapt801_sub344_DP_13_GP1_14-40-54.mp4,1
2025-02-12/sub349/idapt796_sub349_DP_11_12-10-53.MP4,1
2025-02-19/sub344/idapt799_sub344_DP_3_13-07-21.MP4,1
2025-05-07/sub364/idapt803_sub364_DP_11_GP1_12-28-26.MP4,1
2025-05-07/sub364/idapt802_sub364_DP_3_GP1_12-04-59.MP4,1
2025-04-25/sub343/idapt801_sub343_DP_11_GP1_13-46-29.mp4,1
2025-02-19/sub344/idapt796_sub344_DP_3_12-54-22.MP4,1
2025-02-11/sub295/idapt799_sub295_DP_11_13-40-26.MP4,1
2025-02-12/sub344/idapt797_sub344_DP_0_13-39-00.MP4,1
2025-05-08/sub353/idapt801_sub353_DP_5_GP1_12-41-02.MP4,1
2025-05-07/sub364/idapt802_sub364_DP_10_GP1_12-16-25.MP4,1
2025-02-19/sub344/idapt799_sub344_DP_12_13-14-22.MP4,1
2025-02-21/sub295/idapt797_sub295_DP_8_GP0_15-02-22.mp4,1
2025-05-06/sub364/idapt803_sub364_DP_7_GP1_12-23-36.mp4,1
2025-02-26/sub356/idapt798_sub356_DP_9_GP0_13-14-24.mp4,1
2025-02-12/sub360/idapt800_sub360_DP_0_15-11-20.MP4,1
2025-04-23/sub346/idapt803_sub346_DP_12_GP1_16-12-48.MP4,1
2025-05-13/sub352/idapt802_sub352_DP_9_GP1_12-10-42.mp4,1
2025-05-06/sub353/idapt801_sub353_DP_15_GP1_12-46-40.mp4,1
2025-02-07/sub356/idapt798_sub356_DP_7_15-07-01.mp4,1
2025-02-12/sub344/idapt796_sub344_DP_12_13-27-24.MP4,1
2025-04-25/sub346/idapt803_sub346_DP_11_GP1_14-14-04.mp4,1
2025-04-28/sub343/idapt801_sub343_DP_11_GP1_14-57-46.mp4,1
2025-02-11/sub295/idapt797_sub295_DP_11_13-13-31.MP4,1
2025-02-12/sub344/idapt799_sub344_DP_8_13-13-57.MP4,1
2025-02-11/sub295/idapt796_sub295_DP_5_13-25-02.MP4,1
2025-05-06/sub353/idapt801_sub353_DP_5_GP1_12-40-53.mp4,1
2025-04-23/sub352/idapt802_sub352_DP_3_GP1_12-41-31.MP4,1
2025-06-27/sub368/idapt805_sub368_DP_0_11-43-44.MP4,1
2025-04-25/sub346/idapt802_sub346_DP_11_GP1_14-43-02.mp4,1
2025-05-12/sub367/idapt802_sub367_DP_0_GP1_12-35-49.mp4,1
2025-02-19/sub344/idapt796_sub344_DP_13_12-58-37.MP4,1
2025-02-13/sub354/idapt798_sub354_DP_3_14-16-23.MP4,1
2025-04-23/sub352/idapt803_sub352_DP_3_GP1_12-55-27.MP4,1
2025-06-27/sub373/idapt817_sub373_DP_5_13-13-32.MP4,1
2025-02-12/sub349/idapt799_sub349_DP_11_11-48-53.MP4,1
2025-02-19/sub349/idapt796_sub349_DP_3_11-54-49.MP4,1
2025-02-13/sub357/idapt798_sub357_DP_7_13-09-08.MP4,1
2025-02-07/sub353/idapt797_sub353_DP_7_13-22-01.mp4,1
2025-02-19/sub344/idapt796_sub344_DP_9_12-57-05.MP4,1
2025-02-13/sub357/idapt798_sub357_DP_10_13-18-38.MP4,1
2025-05-12/sub367/idapt803_sub367_DP_3_GP1_12-52-10.mp4,1
2025-04-25/sub343/idapt801_sub343_DP_5_GP1_13-43-33.mp4,1
2025-06-27/sub373/idapt817_sub373_DP_0_13-11-33.MP4,1
2025-02-19/sub344/idapt796_sub344_DP_14_13-00-55.MP4,1
2025-05-08/sub353/idapt801_sub353_DP_7_GP1_12-41-54.MP4,1
2025-02-07/sub356/idapt800_sub356_DP_5_15-22-02.mp4,1
2025-02-19/sub344/idapt799_sub344_DP_5_13-08-06.MP4,1
2025-05-08/sub367/idapt803_sub367_DP_9_GP1_11-38-36.MP4,1
2025-04-25/sub346/idapt802_sub346_DP_7_GP1_14-32-08.mp4,1
2025-02-07/sub353/idapt799_sub353_DP_9_13-06-44.mp4,1
2025-02-21/sub295/idapt799_sub295_DP_11_GP0_15-30-58.mp4,1
2025-02-07/sub353/idapt797_sub353_DP_5_13-21-09.mp4,1
2025-05-06/sub353/idapt801_sub353_DP_13_GP1_12-44-43.mp4,1
2025-02-21/sub295/idapt797_sub295_DP_3_GP0_14-50-33.mp4,1
2025-02-07/sub356/idapt798_sub356_DP_5_15-06-09.mp4,1
2025-02-11/sub295/idapt796_sub295_DP_13_13-28-05.MP4,1
2025-05-07/sub364/idapt803_sub364_DP_7_GP1_12-26-25.MP4,1
2025-05-12/sub367/idapt802_sub367_DP_13_GP1_12-41-27.mp4,1
2025-02-19/sub344/idapt799_sub344_DP_7_13-08-56.MP4,1
2025-06-27/sub368/idapt805_sub368_DP_5_11-45-20.MP4,1
2025-02-12/sub349/idapt797_sub349_DP_5_12-26-33.MP4,1
2025-02-19/sub349/idapt799_sub349_DP_14_11-47-21.MP4,1
2025-02-26/sub356/idapt800_sub356_DP_14_GP0_13-38-32.mp4,1
2025-02-12/sub360/idapt800_sub360_DP_9_15-14-41.MP4,1
2025-02-07/sub353/idapt799_sub353_DP_7_13-05-54.mp4,1
2025-05-06/sub364/idapt802_sub364_DP_15_GP1_12-14-48.mp4,1
2025-05-06/sub364/idapt802_sub364_DP_13_GP1_12-13-56.mp4,1
2025-05-13/sub352/idapt802_sub352_DP_5_GP1_12-00-51.mp4,1
2025-02-07/sub353/idapt796_sub353_DP_9_13-37-01.mp4,1
2025-04-25/sub343/idapt801_sub343_DP_12_GP1_13-50-13.mp4,1
2025-02-13/sub357/idapt800_sub357_DP_11_12-51-58.MP4,1
2025-02-06/sub354/idapt7800_sub354_DP_14_11-34-30.mp4,1
2025-02-26/sub356/idapt798_sub356_DP_5_GP0_13-12-26.mp4,1
2025-06-27/sub353/idapt805_sub353_DP_0_10-50-21.MP4,1
2025-05-07/sub344/idapt801_sub344_DP_11_GP1_12-50-13.MP4,1
2025-02-19/sub349/idapt797_sub349_DP_5_12-09-25.MP4,1
2025-04-25/sub346/idapt802_sub346_DP_5_GP1_14-31-17.mp4,1
2025-06-27/sub353/idapt805_sub353_DP_9_10-53-12.MP4,1
2025-02-19/sub344/idapt797_sub344_DP_0_12-36-18.MP4,1
2025-04-23/sub346/idapt802_sub346_DP_7_GP1_15-40-28.MP4,1
2025-02-11/sub295/idapt799_sub295_DP_5_13-38-18.MP4,1
2025-05-13/sub352/idapt803_sub352_DP_9_GP1_12-22-40.mp4,1
2025-02-11/sub295/idapt799_sub295_DP_0_13-36-45.MP4,1
2025-05-12/sub367/idapt802_sub367_DP_14_GP1_12-44-06.mp4,1
2025-02-07/sub356/idapt798_sub356_DP_11_15-13-51.mp4,1
2025-02-13/sub354/idapt800_sub354_DP_5_14-36-01.MP4,1
2025-04-25/sub346/idapt803_sub346_DP_11_GP1_14-07-12.mp4,1
2025-06-27/sub353/idapt805_sub353_DP_3_10-51-08.MP4,1
2025-05-07/sub364/idapt803_sub364_DP_11_GP1_12-35-40.MP4,1
2025-02-26/sub356/idapt800_sub356_DP_5_GP0_13-29-06.mp4,1
2025-02-06/sub354/idapt798_sub354_DP_11_11-12-40.mp4,1
2025-02-21/sub295/idapt797_sub295_DP_9_GP0_14-53-01.mp4,1
2025-02-13/sub354/idapt800_sub354_DP_11_14-39-05.MP4,1
2025-02-11/sub295/idapt797_sub295_DP_12_13-16-30.MP4,1
2025-05-13/sub352/idapt802_sub352_DP_13_GP1_12-04-35.mp4,1
2025-04-23/sub349/idapt801_sub349_DP_0_GP1_12-07-38.MP4,1
2025-02-19/sub344/idapt797_sub344_DP_13_12-42-01.MP4,1
2025-02-21/sub295/idapt797_sub295_DP_11_GP0_14-53-57.mp4,1
2025-02-06/sub354/idapt7800_sub354_DP_3_11-25-27.mp4,1
2025-02-21/sub295/idapt797_sub295_DP_8_GP0_15-04-03.mp4,1
2025-02-12/sub349/idapt799_sub349_DP_10_11-56-08.MP4,1
2025-02-07/sub353/idapt799_sub353_DP_5_13-05-07.mp4,1
2025-04-23/sub346/idapt802_sub346_DP_0_GP1_15-37-28.MP4,1
2025-04-23/sub346/idapt802_sub346_DP_13_GP1_15-49-44.MP4,1
2025-02-19/sub349/idapt799_sub349_DP_13_11-43-31.MP4,1
2025-02-19/sub344/idapt797_sub344_DP_5_12-37-45.MP4,1
2025-02-12/sub349/idapt796_sub349_DP_7_12-09-00.MP4,1
2025-04-23/sub352/idapt803_sub352_DP_5_GP1_12-56-17.MP4,1
2025-04-28/sub344/idapt801_sub344_DP_7_GP1_14-38-11.mp4,1
2025-04-23/sub346/idapt803_sub346_DP_13_GP1_16-06-54.MP4,1
2025-02-07/sub356/idapt800_sub356_DP_3_15-21-06.mp4,1
2025-02-13/sub357/idapt798_sub357_DP_0_13-05-57.MP4,1
2025-05-13/sub352/idapt802_sub352_DP_3_GP1_12-00-02.mp4,1
2025-04-28/sub343/idapt801_sub343_DP_15_GP1_14-59-41.mp4,1
2025-05-07/sub364/idapt802_sub364_DP_9_GP1_12-07-33.MP4,1
